DYNAMIXEL Graph,3,,,,,,,
ItemCount,3,,,,,,MIN,MAX
-1,321,MX-106(2.0),Realtime Tick,#000000,0,,-10,8
-1,321,MX-106(2.0),Present Position,#ffff00,0,,,
-1,321,MX-106(2.0),Goal Position,#00ff00,0,,,
Time[ms],Realtime Tick,Present Position,Goal Position,,,,,
0,28228,-1,0,,,,,
106,28334,-1,0,,,,,
139,28367,-1,0,,,,,
171,28399,-1,0,,,,,
203,28431,-1,0,,,,,
235,28463,-1,0,,,,,
267,28495,-1,0,,,,,
299,28527,-1,0,,,,,
331,28559,-1,0,,,,,
363,28591,-1,0,,,,,
395,28623,-1,0,,,,,
427,28655,-1,0,,,,,
459,28687,-1,0,,,,,
491,28719,-1,0,,,,,
523,28751,-1,0,,,,,
555,28783,-1,0,,,,,
587,28815,-1,0,,,,,
619,28847,-1,0,,,,,
651,28879,-1,0,,,,,
683,28911,-1,0,,,,,
715,28943,-1,0,,,,,
747,28975,-1,0,,,,,
779,29007,-1,0,,,,,
811,29039,-1,0,,,,,
843,29071,-1,0,,,,,
874,29102,-1,0,,,,,
906,29134,-1,0,,,,,
939,29167,-1,0,,,,,
971,29199,-1,0,,,,,
1003,29231,-2,0,,,,,
1035,29263,-1,0,,,,,
1067,29295,-1,0,,,,,
1099,29327,-1,0,,,,,
1131,29359,-1,0,,,,,
1163,29391,-1,0,,,,,
1195,29423,-1,0,,,,,
1227,29455,-1,0,,,,,
1259,29487,-1,0,,,,,
1291,29519,-1,0,,,,,
1323,29551,-1,0,,,,,
1355,29583,-1,0,,,,,
1387,29615,-1,0,,,,,
1419,29647,-1,0,,,,,
1451,29679,-2,0,,,,,
1483,29711,-1,0,,,,,
1515,29743,-1,0,,,,,
1546,29774,-1,0,,,,,
1579,29807,-1,0,,,,,
1611,29839,-1,0,,,,,
1642,29870,-1,0,,,,,
1674,29902,-1,0,,,,,
1707,29935,-1,0,,,,,
1739,29967,-1,0,,,,,
1771,29999,-1,0,,,,,
1803,30031,-1,0,,,,,
1835,30063,-1,0,,,,,
1867,30095,-1,0,,,,,
1899,30127,-1,0,,,,,
1930,30158,-1,0,,,,,
1962,30190,-1,0,,,,,
1994,30222,-1,0,,,,,
2026,30254,-1,0,,,,,
2058,30286,-1,0,,,,,
2091,30319,-1,0,,,,,
2122,30350,-1,0,,,,,
2154,30382,-1,0,,,,,
2186,30414,-1,0,,,,,
2218,30446,-1,0,,,,,
2250,30478,-1,0,,,,,
2282,30510,-1,0,,,,,
2314,30542,-1,0,,,,,
2346,30574,-1,0,,,,,
2378,30606,-1,0,,,,,
2410,30638,-1,0,,,,,
2442,30670,-1,0,,,,,
2474,30702,-1,0,,,,,
2506,30734,-1,0,,,,,
2538,30766,-1,0,,,,,
2570,30798,-1,0,,,,,
2602,30830,-1,0,,,,,
2635,30863,-1,0,,,,,
2666,30894,-1,0,,,,,
2698,30926,-1,0,,,,,
2730,30958,-1,0,,,,,
2762,30990,-1,0,,,,,
2794,31022,-1,0,,,,,
2826,31054,-1,0,,,,,
2858,31086,-1,0,,,,,
2890,31118,-1,0,,,,,
2922,31150,-1,0,,,,,
2954,31182,-1,0,,,,,
2986,31214,-1,0,,,,,
3018,31246,-1,0,,,,,
3050,31278,-1,0,,,,,
3082,31310,-1,0,,,,,
3114,31342,-1,0,,,,,
3146,31374,-1,0,,,,,
3178,31406,-1,0,,,,,
3210,31438,-1,0,,,,,
3242,31470,-1,0,,,,,
3274,31502,-1,0,,,,,
3306,31534,-2,0,,,,,
3338,31566,-1,0,,,,,
3370,31598,-1,0,,,,,
3402,31630,-1,0,,,,,
3434,31662,-1,0,,,,,
3466,31694,-1,0,,,,,
3498,31726,-1,0,,,,,
3530,31758,-1,0,,,,,
3562,31790,-1,0,,,,,
3594,31822,-1,0,,,,,
3626,31854,-1,0,,,,,
3658,31886,-1,0,,,,,
3690,31918,-1,0,,,,,
3722,31950,-1,0,,,,,
3754,31982,-1,0,,,,,
3786,32014,-1,0,,,,,
3818,32046,-1,0,,,,,
3850,32078,-1,0,,,,,
3882,32110,-1,0,,,,,
3914,32142,-1,0,,,,,
3946,32174,-2,0,,,,,
3978,32206,-4,0,,,,,
4010,32238,-2,0,,,,,
4042,32270,-2,0,,,,,
4074,32302,-2,0,,,,,
4106,32334,-3,0,,,,,
4138,32366,-2,0,,,,,
4170,32398,-2,0,,,,,
4202,32430,-3,0,,,,,
4234,32462,-3,0,,,,,
4266,32494,-3,0,,,,,
4298,32526,-4,0,,,,,
4330,32558,-4,0,,,,,
4362,32590,-4,0,,,,,
4394,32622,-4,0,,,,,
4426,32654,-5,0,,,,,
4458,32686,-5,0,,,,,
4490,32718,-5,0,,,,,
4522,32750,-5,0,,,,,
4553,14,-5,0,,,,,
4585,46,-5,0,,,,,
4617,78,-5,0,,,,,
4649,110,-5,0,,,,,
4681,142,-5,0,,,,,
4713,174,-5,0,,,,,
4745,206,-4,0,,,,,
4777,238,-4,0,,,,,
4809,270,-3,0,,,,,
4841,302,-3,0,,,,,
4873,334,-3,0,,,,,
4905,366,-3,0,,,,,
4937,398,-2,0,,,,,
4969,430,4,0,,,,,
5001,462,3,0,,,,,
5033,494,4,0,,,,,
5065,526,4,0,,,,,
5097,558,4,0,,,,,
5129,590,4,0,,,,,
5161,622,5,0,,,,,
5193,654,5,0,,,,,
5225,686,5,0,,,,,
5257,718,5,0,,,,,
5289,750,5,0,,,,,
5321,782,5,0,,,,,
5353,814,5,0,,,,,
5385,846,5,0,,,,,
5417,878,5,0,,,,,
5449,910,5,0,,,,,
5481,942,5,0,,,,,
5513,974,5,0,,,,,
5545,1006,5,0,,,,,
5577,1038,5,0,,,,,
5609,1070,5,0,,,,,
5641,1102,4,0,,,,,
5673,1134,4,0,,,,,
5705,1166,3,0,,,,,
5737,1198,-2,0,,,,,
5769,1230,-2,0,,,,,
5801,1262,-2,0,,,,,
5833,1294,-2,0,,,,,
5865,1326,-3,0,,,,,
5897,1358,-4,0,,,,,
5929,1390,-4,0,,,,,
5961,1422,-5,0,,,,,
5993,1454,-5,0,,,,,
6025,1486,-6,0,,,,,
6057,1518,-6,0,,,,,
6089,1550,-6,0,,,,,
6121,1582,-6,0,,,,,
6153,1614,-6,0,,,,,
6185,1646,-6,0,,,,,
6217,1678,-7,0,,,,,
6249,1710,-6,0,,,,,
6281,1742,-7,0,,,,,
6313,1774,-7,0,,,,,
6345,1806,-7,0,,,,,
6377,1838,-7,0,,,,,
6409,1870,-6,0,,,,,
6441,1902,-6,0,,,,,
6473,1934,-6,0,,,,,
6505,1966,-6,0,,,,,
6537,1998,-6,0,,,,,
6569,2030,-5,0,,,,,
6601,2062,-4,0,,,,,
6633,2094,-4,0,,,,,
6665,2126,-3,0,,,,,
6697,2158,1,0,,,,,
6729,2190,3,0,,,,,
6761,2222,3,0,,,,,
6793,2254,4,0,,,,,
6825,2286,5,0,,,,,
6857,2318,5,0,,,,,
6889,2350,4,0,,,,,
6921,2382,5,0,,,,,
6953,2414,5,0,,,,,
6985,2446,5,0,,,,,
7017,2478,5,0,,,,,
7049,2510,5,0,,,,,
7081,2542,5,0,,,,,
7113,2574,5,0,,,,,
7145,2606,6,0,,,,,
7177,2638,6,0,,,,,
7209,2670,6,0,,,,,
7241,2702,5,0,,,,,
7273,2734,5,0,,,,,
7305,2766,5,0,,,,,
7337,2798,5,0,,,,,
7369,2830,6,0,,,,,
7401,2862,5,0,,,,,
7433,2894,5,0,,,,,
7465,2926,5,0,,,,,
7497,2958,5,0,,,,,
7528,2989,5,0,,,,,
7560,3021,5,0,,,,,
7593,3054,5,0,,,,,
7625,3086,5,0,,,,,
7657,3118,5,0,,,,,
7689,3150,5,0,,,,,
7721,3182,5,0,,,,,
7753,3214,4,0,,,,,
7785,3246,4,0,,,,,
7817,3278,3,0,,,,,
7848,3309,-2,0,,,,,
7880,3341,-4,0,,,,,
7912,3373,-4,0,,,,,
7944,3405,-3,0,,,,,
7976,3437,-4,0,,,,,
8009,3470,-4,0,,,,,
8040,3501,-4,0,,,,,
8072,3533,-5,0,,,,,
8105,3566,-5,0,,,,,
8136,3597,-5,0,,,,,
8168,3629,-5,0,,,,,
8200,3661,-6,0,,,,,
8233,3694,-6,0,,,,,
8264,3725,-6,0,,,,,
8296,3757,-6,0,,,,,
8328,3789,-6,0,,,,,
8360,3821,-6,0,,,,,
8392,3853,-5,0,,,,,
8424,3885,-6,0,,,,,
8456,3917,-6,0,,,,,
8488,3949,-6,0,,,,,
8520,3981,-6,0,,,,,
8552,4013,-6,0,,,,,
8584,4045,-6,0,,,,,
8616,4077,-5,0,,,,,
8648,4109,-5,0,,,,,
8680,4141,-5,0,,,,,
8712,4173,-4,0,,,,,
8744,4205,-4,0,,,,,
8776,4237,-3,0,,,,,
8808,4269,-3,0,,,,,
8840,4301,4,0,,,,,
8872,4333,5,0,,,,,
8904,4365,4,0,,,,,
8936,4397,4,0,,,,,
8968,4429,5,0,,,,,
9000,4461,5,0,,,,,
9032,4493,5,0,,,,,
9064,4525,5,0,,,,,
9096,4557,6,0,,,,,
9128,4589,6,0,,,,,
9160,4621,6,0,,,,,
9192,4653,6,0,,,,,
9224,4685,6,0,,,,,
9256,4717,6,0,,,,,
9288,4749,6,0,,,,,
9320,4781,6,0,,,,,
9352,4813,6,0,,,,,
9384,4845,6,0,,,,,
9416,4877,6,0,,,,,
9448,4909,6,0,,,,,
9480,4941,6,0,,,,,
9512,4973,6,0,,,,,
9544,5005,6,0,,,,,
9576,5037,6,0,,,,,
9608,5069,6,0,,,,,
9640,5101,6,0,,,,,
9672,5133,6,0,,,,,
9704,5165,6,0,,,,,
9736,5197,6,0,,,,,
9768,5229,6,0,,,,,
9800,5261,6,0,,,,,
9832,5293,6,0,,,,,
9864,5325,6,0,,,,,
9896,5357,6,0,,,,,
9928,5389,6,0,,,,,
9960,5421,6,0,,,,,
9992,5453,6,0,,,,,
10024,5485,6,0,,,,,
10056,5517,6,0,,,,,
10088,5549,6,0,,,,,
10120,5581,6,0,,,,,
10152,5613,6,0,,,,,
10184,5645,5,0,,,,,
10216,5677,6,0,,,,,
10248,5709,6,0,,,,,
10280,5741,6,0,,,,,
10312,5773,5,0,,,,,
10344,5805,6,0,,,,,
10376,5837,6,0,,,,,
10408,5869,6,0,,,,,
10440,5901,5,0,,,,,
10472,5933,6,0,,,,,
10504,5965,6,0,,,,,
10536,5997,5,0,,,,,
10568,6029,6,0,,,,,
10600,6061,6,0,,,,,
10632,6093,6,0,,,,,
10664,6125,5,0,,,,,
10696,6157,5,0,,,,,
10728,6189,5,0,,,,,
10760,6221,5,0,,,,,
10792,6253,5,0,,,,,
10824,6285,6,0,,,,,
10856,6317,5,0,,,,,
10888,6349,6,0,,,,,
10920,6381,6,0,,,,,
10952,6413,6,0,,,,,
10984,6445,5,0,,,,,
11016,6477,6,0,,,,,
11048,6509,6,0,,,,,
11080,6541,6,0,,,,,
11112,6573,5,0,,,,,
11144,6605,6,0,,,,,
11176,6637,5,0,,,,,
11208,6669,6,0,,,,,
11240,6701,5,0,,,,,
11272,6733,6,0,,,,,
11304,6765,5,0,,,,,
11336,6797,5,0,,,,,
11368,6829,5,0,,,,,
11400,6861,6,0,,,,,
11432,6893,5,0,,,,,
11464,6925,6,0,,,,,
11496,6957,6,0,,,,,
11528,6989,6,0,,,,,
11560,7021,5,0,,,,,
11592,7053,5,0,,,,,
11624,7085,5,0,,,,,
11656,7117,5,0,,,,,
11688,7149,4,0,,,,,
11720,7181,5,0,,,,,
11752,7213,3,0,,,,,
11784,7245,2,0,,,,,
11816,7277,-2,0,,,,,
11848,7309,-3,0,,,,,
11880,7341,-3,0,,,,,
11912,7373,-3,0,,,,,
11944,7405,-3,0,,,,,
11976,7437,-2,0,,,,,
12008,7469,-2,0,,,,,
12040,7501,-3,0,,,,,
12072,7533,-3,0,,,,,
12104,7565,-3,0,,,,,
12136,7597,-3,0,,,,,
12168,7629,-4,0,,,,,
12200,7661,-4,0,,,,,
12232,7693,-4,0,,,,,
12264,7725,-5,0,,,,,
12296,7757,-5,0,,,,,
12328,7789,-5,0,,,,,
12360,7821,-5,0,,,,,
12392,7853,-6,0,,,,,
12424,7885,-6,0,,,,,
12456,7917,-6,0,,,,,
12488,7949,-6,0,,,,,
12520,7981,-6,0,,,,,
12552,8013,-6,0,,,,,
12584,8045,-7,0,,,,,
12616,8077,-7,0,,,,,
12648,8109,-7,0,,,,,
12680,8141,-7,0,,,,,
12712,8173,-7,0,,,,,
12744,8205,-7,0,,,,,
12776,8237,-7,0,,,,,
12808,8269,-7,0,,,,,
12840,8301,-6,0,,,,,
12872,8333,-6,0,,,,,
12904,8365,-6,0,,,,,
12936,8397,-6,0,,,,,
12968,8429,-6,0,,,,,
13000,8461,-6,0,,,,,
13032,8493,-7,0,,,,,
13064,8525,-6,0,,,,,
13096,8557,-7,0,,,,,
13128,8589,-7,0,,,,,
13160,8621,-7,0,,,,,
13192,8653,-6,0,,,,,
13223,8684,-6,0,,,,,
13256,8717,-6,0,,,,,
13288,8749,-5,0,,,,,
13319,8780,-5,0,,,,,
13351,8812,-4,0,,,,,
13383,8844,-4,0,,,,,
13415,8876,-3,0,,,,,
13447,8908,-2,0,,,,,
13480,8941,4,0,,,,,
13512,8973,3,0,,,,,
13544,9005,2,0,,,,,
13575,9036,2,0,,,,,
13607,9068,3,0,,,,,
13639,9100,3,0,,,,,
13671,9132,3,0,,,,,
13704,9165,3,0,,,,,
13735,9196,4,0,,,,,
13768,9229,4,0,,,,,
13799,9260,4,0,,,,,
13831,9292,5,0,,,,,
13864,9325,6,0,,,,,
13896,9357,6,0,,,,,
13927,9388,6,0,,,,,
13959,9420,6,0,,,,,
13991,9452,6,0,,,,,
14023,9484,6,0,,,,,
14055,9516,6,0,,,,,
14087,9548,6,0,,,,,
14119,9580,7,0,,,,,
14151,9612,6,0,,,,,
14183,9644,6,0,,,,,
14215,9676,6,0,,,,,
14247,9708,5,0,,,,,
14279,9740,5,0,,,,,
14311,9772,4,0,,,,,
14344,9805,3,0,,,,,
14375,9836,3,0,,,,,
14407,9868,-2,0,,,,,
14439,9900,-3,0,,,,,
14471,9932,-3,0,,,,,
14503,9964,-3,0,,,,,
14535,9996,-3,0,,,,,
14567,10028,-3,0,,,,,
14599,10060,-4,0,,,,,
14631,10092,-5,0,,,,,
14663,10124,-5,0,,,,,
14695,10156,-6,0,,,,,
14727,10188,-5,0,,,,,
14759,10220,-6,0,,,,,
14791,10252,-6,0,,,,,
14823,10284,-6,0,,,,,
14855,10316,-7,0,,,,,
14887,10348,-7,0,,,,,
14919,10380,-7,0,,,,,
14951,10412,-7,0,,,,,
14983,10444,-7,0,,,,,
15015,10476,-7,0,,,,,
15047,10508,-7,0,,,,,
15079,10540,-7,0,,,,,
15111,10572,-7,0,,,,,
15143,10604,-7,0,,,,,
15175,10636,-7,0,,,,,
15207,10668,-7,0,,,,,
15239,10700,-6,0,,,,,
15271,10732,-6,0,,,,,
15303,10764,-6,0,,,,,
15335,10796,-5,0,,,,,
15367,10828,-4,0,,,,,
15399,10860,-3,0,,,,,
15431,10892,-2,0,,,,,
15463,10924,4,0,,,,,
15495,10956,3,0,,,,,
15527,10988,3,0,,,,,
15559,11020,4,0,,,,,
15591,11052,4,0,,,,,
15623,11084,5,0,,,,,
15655,11116,5,0,,,,,
15687,11148,5,0,,,,,
15719,11180,5,0,,,,,
15751,11212,5,0,,,,,
15783,11244,5,0,,,,,
15815,11276,6,0,,,,,
15847,11308,6,0,,,,,
15879,11340,6,0,,,,,
15911,11372,6,0,,,,,
15943,11404,6,0,,,,,
15975,11436,5,0,,,,,
16007,11468,5,0,,,,,
16039,11500,5,0,,,,,
16071,11532,6,0,,,,,
16103,11564,6,0,,,,,
16135,11596,6,0,,,,,
16167,11628,6,0,,,,,
16199,11660,5,0,,,,,
16231,11692,6,0,,,,,
16263,11724,6,0,,,,,
16295,11756,6,0,,,,,
16327,11788,6,0,,,,,
16359,11820,6,0,,,,,
16391,11852,6,0,,,,,
16423,11884,6,0,,,,,
16455,11916,6,0,,,,,
16487,11948,6,0,,,,,
16519,11980,6,0,,,,,
16551,12012,6,0,,,,,
16583,12044,6,0,,,,,
16615,12076,6,0,,,,,
16647,12108,6,0,,,,,
16679,12140,6,0,,,,,
16711,12172,6,0,,,,,
16743,12204,6,0,,,,,
16775,12236,6,0,,,,,
16807,12268,5,0,,,,,
16839,12300,6,0,,,,,
16871,12332,6,0,,,,,
16903,12364,6,0,,,,,
16935,12396,5,0,,,,,
16967,12428,6,0,,,,,
16999,12460,5,0,,,,,
17031,12492,4,0,,,,,
17063,12524,4,0,,,,,
17095,12556,-3,0,,,,,
17127,12588,-4,0,,,,,
17159,12620,-3,0,,,,,
17191,12652,-4,0,,,,,
17223,12684,-4,0,,,,,
17255,12716,-4,0,,,,,
17287,12748,-5,0,,,,,
17319,12780,-6,0,,,,,
17351,12812,-5,0,,,,,
17383,12844,-6,0,,,,,
17415,12876,-6,0,,,,,
17447,12908,-7,0,,,,,
17479,12940,-7,0,,,,,
17511,12972,-7,0,,,,,
17543,13004,-7,0,,,,,
17575,13036,-7,0,,,,,
17607,13068,-7,0,,,,,
17639,13100,-7,0,,,,,
17671,13132,-7,0,,,,,
17703,13164,-7,0,,,,,
17735,13196,-7,0,,,,,
17767,13228,-7,0,,,,,
17799,13260,-7,0,,,,,
17831,13292,-7,0,,,,,
17863,13324,-7,0,,,,,
17895,13356,-7,0,,,,,
17927,13388,-7,0,,,,,
17959,13420,-7,0,,,,,
17991,13452,-7,0,,,,,
18023,13484,-7,0,,,,,
18055,13516,-7,0,,,,,
18087,13548,-7,0,,,,,
18119,13580,-7,0,,,,,
18151,13612,-7,0,,,,,
18183,13644,-7,0,,,,,
18215,13676,-6,0,,,,,
18247,13708,-6,0,,,,,
18279,13740,-6,0,,,,,
18311,13772,-5,0,,,,,
18343,13804,-5,0,,,,,
18375,13836,-4,0,,,,,
18407,13868,3,0,,,,,
18439,13900,5,0,,,,,
18471,13932,5,0,,,,,
18503,13964,6,0,,,,,
18535,13996,6,0,,,,,
18567,14028,6,0,,,,,
18599,14060,6,0,,,,,
18631,14092,7,0,,,,,
18663,14124,7,0,,,,,
18695,14156,6,0,,,,,
18727,14188,7,0,,,,,
18759,14220,7,0,,,,,
18791,14252,6,0,,,,,
18823,14284,7,0,,,,,
18855,14316,7,0,,,,,
18887,14348,7,0,,,,,
18919,14380,7,0,,,,,
18951,14412,7,0,,,,,
18983,14444,7,0,,,,,
19015,14476,7,0,,,,,
19047,14508,7,0,,,,,
19079,14540,6,0,,,,,
19111,14572,7,0,,,,,
19143,14604,6,0,,,,,
19175,14636,7,0,,,,,
19207,14668,6,0,,,,,
19239,14700,6,0,,,,,
19271,14732,6,0,,,,,
19302,14763,5,0,,,,,
19334,14795,-1,0,,,,,
19367,14828,-4,0,,,,,
19399,14860,-4,0,,,,,
19431,14892,-5,0,,,,,
19463,14924,-5,0,,,,,
19495,14956,-6,0,,,,,
19527,14988,-6,0,,,,,
19559,15020,-6,0,,,,,
19591,15052,-7,0,,,,,
19623,15084,-7,0,,,,,
19655,15116,-7,0,,,,,
19687,15148,-7,0,,,,,
19719,15180,-7,0,,,,,
19751,15212,-7,0,,,,,
19782,15243,-7,0,,,,,
19814,15275,-8,0,,,,,
19847,15308,-8,0,,,,,
19879,15340,-8,0,,,,,
19910,15371,-8,0,,,,,
19942,15403,-8,0,,,,,
19975,15436,-7,0,,,,,
20006,15467,-7,0,,,,,
20038,15499,-8,0,,,,,
20070,15531,-8,0,,,,,
20102,15563,-7,0,,,,,
20134,15595,-8,0,,,,,
20166,15627,-7,0,,,,,
20198,15659,-6,0,,,,,
20230,15691,-6,0,,,,,
20262,15723,-5,0,,,,,
20294,15755,-5,0,,,,,
20326,15787,-4,0,,,,,
20358,15819,3,0,,,,,
20390,15851,4,0,,,,,
20422,15883,5,0,,,,,
20454,15915,5,0,,,,,
20486,15947,6,0,,,,,
20518,15979,6,0,,,,,
20550,16011,6,0,,,,,
20582,16043,6,0,,,,,
20614,16075,7,0,,,,,
20646,16107,7,0,,,,,
20678,16139,7,0,,,,,
20710,16171,7,0,,,,,
20742,16203,7,0,,,,,
20774,16235,7,0,,,,,
20806,16267,7,0,,,,,
20838,16299,7,0,,,,,
20870,16331,7,0,,,,,
20902,16363,7,0,,,,,
20934,16395,7,0,,,,,
20966,16427,6,0,,,,,
20998,16459,6,0,,,,,
21030,16491,6,0,,,,,
21062,16523,3,0,,,,,
21094,16555,-5,0,,,,,
21126,16587,-5,0,,,,,
21158,16619,-6,0,,,,,
21190,16651,-6,0,,,,,
21222,16683,-6,0,,,,,
21254,16715,-7,0,,,,,
21286,16747,-7,0,,,,,
21318,16779,-7,0,,,,,
21350,16811,-7,0,,,,,
21382,16843,-7,0,,,,,
21414,16875,-7,0,,,,,
21446,16907,-7,0,,,,,
21478,16939,-7,0,,,,,
21510,16971,-7,0,,,,,
21542,17003,-7,0,,,,,
21574,17035,-7,0,,,,,
21606,17067,-7,0,,,,,
21638,17099,-8,0,,,,,
21670,17131,-8,0,,,,,
21702,17163,-7,0,,,,,
21734,17195,-6,0,,,,,
21766,17227,-6,0,,,,,
21798,17259,-4,0,,,,,
21830,17291,-3,0,,,,,
21862,17323,-2,0,,,,,
21894,17355,-2,0,,,,,
21926,17387,-2,0,,,,,
21958,17419,-2,0,,,,,
21990,17451,-2,0,,,,,
22022,17483,-2,0,,,,,
22054,17515,-3,0,,,,,
22086,17547,-2,0,,,,,
22118,17579,-2,0,,,,,
22150,17611,-2,0,,,,,
22182,17643,-2,0,,,,,
22214,17675,4,0,,,,,
22246,17707,3,0,,,,,
22278,17739,2,0,,,,,
22310,17771,2,0,,,,,
22342,17803,2,0,,,,,
22374,17835,1,0,,,,,
22406,17867,2,0,,,,,
22438,17899,3,0,,,,,
22470,17931,3,0,,,,,
22502,17963,3,0,,,,,
22534,17995,3,0,,,,,
22566,18027,3,0,,,,,
22598,18059,3,0,,,,,
22630,18091,3,0,,,,,
22662,18123,4,0,,,,,
22694,18155,4,0,,,,,
22726,18187,4,0,,,,,
22758,18219,3,0,,,,,
22790,18251,3,0,,,,,
22822,18283,3,0,,,,,
22854,18315,2,0,,,,,
22886,18347,2,0,,,,,
22918,18379,2,0,,,,,
22950,18411,2,0,,,,,
22982,18443,3,0,,,,,
23014,18475,3,0,,,,,
23046,18507,3,0,,,,,
23078,18539,3,0,,,,,
23110,18571,4,0,,,,,
23142,18603,3,0,,,,,
23174,18635,4,0,,,,,
23206,18667,4,0,,,,,
23238,18699,4,0,,,,,
23270,18731,4,0,,,,,
23302,18763,4,0,,,,,
23334,18795,4,0,,,,,
23366,18827,4,0,,,,,
23398,18859,4,0,,,,,
23430,18891,4,0,,,,,
23462,18923,4,0,,,,,
23494,18955,3,0,,,,,
23526,18987,3,0,,,,,
23558,19019,3,0,,,,,
23590,19051,3,0,,,,,
23622,19083,2,0,,,,,
23654,19115,2,0,,,,,
23686,19147,2,0,,,,,
23718,19179,2,0,,,,,
23750,19211,2,0,,,,,
23782,19243,-4,0,,,,,
23814,19275,-4,0,,,,,
23846,19307,-4,0,,,,,
23878,19339,-4,0,,,,,
23910,19371,-3,0,,,,,
23942,19403,-4,0,,,,,
23974,19435,-3,0,,,,,
24006,19467,-3,0,,,,,
24038,19499,-4,0,,,,,
24070,19531,-4,0,,,,,
24102,19563,-4,0,,,,,
24134,19595,-3,0,,,,,
24166,19627,-3,0,,,,,
24198,19659,-4,0,,,,,
24230,19691,-4,0,,,,,
24262,19723,-4,0,,,,,
24294,19755,-4,0,,,,,
24326,19787,-3,0,,,,,
24358,19819,-4,0,,,,,
24390,19851,-4,0,,,,,
24422,19883,-4,0,,,,,
24454,19915,-4,0,,,,,
24486,19947,-3,0,,,,,
24518,19979,-3,0,,,,,
24550,20011,-3,0,,,,,
24582,20043,-4,0,,,,,
24614,20075,-4,0,,,,,
24646,20107,-4,0,,,,,
24678,20139,-3,0,,,,,
24710,20171,-4,0,,,,,
24741,20202,-4,0,,,,,
24774,20235,-4,0,,,,,
24805,20266,-4,0,,,,,
24837,20298,-3,0,,,,,
24869,20330,-3,0,,,,,
24901,20362,-3,0,,,,,
24933,20394,-3,0,,,,,
24965,20426,-3,0,,,,,
24997,20458,4,0,,,,,
25029,20490,3,0,,,,,
25062,20523,2,0,,,,,
25094,20555,-5,0,,,,,
25126,20587,-3,0,,,,,
25158,20619,-2,0,,,,,
25190,20651,-2,0,,,,,
25221,20682,-2,0,,,,,
25254,20715,4,0,,,,,
25285,20746,2,0,,,,,
25317,20778,2,0,,,,,
25349,20810,2,0,,,,,
25381,20842,2,0,,,,,
25413,20874,2,0,,,,,
25446,20907,1,0,,,,,
25478,20939,1,0,,,,,
25510,20971,1,0,,,,,
25541,21002,1,0,,,,,
25573,21034,2,0,,,,,
25605,21066,2,0,,,,,
25637,21098,2,0,,,,,
25669,21130,1,0,,,,,
25702,21163,1,0,,,,,
25733,21194,2,0,,,,,
25765,21226,1,0,,,,,
25797,21258,1,0,,,,,
25829,21290,2,0,,,,,
25862,21323,2,0,,,,,
25894,21355,2,0,,,,,
25926,21387,2,0,,,,,
25957,21418,2,0,,,,,
25989,21450,2,0,,,,,
26022,21483,2,0,,,,,
26053,21514,2,0,,,,,
26086,21547,2,0,,,,,
26117,21578,2,0,,,,,
26149,21610,2,0,,,,,
26181,21642,2,0,,,,,
26213,21674,2,0,,,,,
26245,21706,2,0,,,,,
26277,21738,1,0,,,,,
26309,21770,1,0,,,,,
26341,21802,2,0,,,,,
26373,21834,1,0,,,,,
26405,21866,1,0,,,,,
26437,21898,1,0,,,,,
26469,21930,1,0,,,,,
26501,21962,1,0,,,,,
26533,21994,1,0,,,,,
26565,22026,1,0,,,,,
26597,22058,1,0,,,,,
26629,22090,1,0,,,,,
26661,22122,1,0,,,,,
26693,22154,1,0,,,,,
26725,22186,2,0,,,,,
26757,22218,2,0,,,,,
26789,22250,1,0,,,,,
26821,22282,2,0,,,,,
26853,22314,2,0,,,,,
26885,22346,3,0,,,,,
26917,22378,4,0,,,,,
26949,22410,5,0,,,,,
26981,22442,4,0,,,,,
27013,22474,4,0,,,,,
27045,22506,5,0,,,,,
27077,22538,5,0,,,,,
27109,22570,5,0,,,,,
27141,22602,6,0,,,,,
27173,22634,6,0,,,,,
27205,22666,6,0,,,,,
27237,22698,6,0,,,,,
27269,22730,6,0,,,,,
27301,22762,6,0,,,,,
27333,22794,6,0,,,,,
27365,22826,6,0,,,,,
27397,22858,6,0,,,,,
27429,22890,6,0,,,,,
27461,22922,6,0,,,,,
27493,22954,6,0,,,,,
27525,22986,6,0,,,,,
27557,23018,6,0,,,,,
27589,23050,6,0,,,,,
27621,23082,6,0,,,,,
27653,23114,6,0,,,,,
27685,23146,6,0,,,,,
27717,23178,6,0,,,,,
27749,23210,6,0,,,,,
27781,23242,6,0,,,,,
27813,23274,6,0,,,,,
27845,23306,6,0,,,,,
27877,23338,6,0,,,,,
27909,23370,5,0,,,,,
27941,23402,4,0,,,,,
27973,23434,1,0,,,,,
28005,23466,-2,0,,,,,
28037,23498,-2,0,,,,,
28069,23530,-1,0,,,,,
28101,23562,-2,0,,,,,
28133,23594,-4,0,,,,,
28165,23626,-5,0,,,,,
28197,23658,-4,0,,,,,
28229,23690,-4,0,,,,,
28261,23722,-4,0,,,,,
28293,23754,-4,0,,,,,
28325,23786,-5,0,,,,,
28357,23818,-5,0,,,,,
28389,23850,-5,0,,,,,
28421,23882,-6,0,,,,,
28453,23914,-6,0,,,,,
28485,23946,-6,0,,,,,
28517,23978,-6,0,,,,,
28549,24010,-7,0,,,,,
28581,24042,-7,0,,,,,
28613,24074,-8,0,,,,,
28645,24106,-8,0,,,,,
28677,24138,-8,0,,,,,
28709,24170,-8,0,,,,,
28741,24202,-8,0,,,,,
28773,24234,-8,0,,,,,
28805,24266,-8,0,,,,,
28837,24298,-8,0,,,,,
28869,24330,-8,0,,,,,
28901,24362,-8,0,,,,,
28933,24394,-8,0,,,,,
28965,24426,-8,0,,,,,
28997,24458,-6,0,,,,,
29029,24490,-6,0,,,,,
29061,24522,-5,0,,,,,
29093,24554,-4,0,,,,,
29125,24586,-3,0,,,,,
29157,24618,-1,0,,,,,
29189,24650,3,0,,,,,
29221,24682,2,0,,,,,
29253,24714,2,0,,,,,
29285,24746,2,0,,,,,
29317,24778,2,0,,,,,
29349,24810,3,0,,,,,
29381,24842,3,0,,,,,
29413,24874,4,0,,,,,
29445,24906,5,0,,,,,
29477,24938,5,0,,,,,
29509,24970,5,0,,,,,
29541,25002,5,0,,,,,
29573,25034,6,0,,,,,
29605,25066,5,0,,,,,
29637,25098,6,0,,,,,
29669,25130,6,0,,,,,
29701,25162,6,0,,,,,
29733,25194,6,0,,,,,
29765,25226,6,0,,,,,
29797,25258,6,0,,,,,
29829,25290,5,0,,,,,
29861,25322,4,0,,,,,
29893,25354,3,0,,,,,
29925,25386,-3,0,,,,,
29957,25418,-3,0,,,,,
29989,25450,-3,0,,,,,
30021,25482,-5,0,,,,,
30053,25514,-5,0,,,,,
30085,25546,-6,0,,,,,
30117,25578,-7,0,,,,,
30149,25610,-7,0,,,,,
30181,25642,-8,0,,,,,
30213,25674,-8,0,,,,,
30245,25706,-9,0,,,,,
30277,25738,-9,0,,,,,
30309,25770,-8,0,,,,,
30341,25802,-9,0,,,,,
30373,25834,-9,0,,,,,
30405,25866,-9,0,,,,,
30437,25898,-9,0,,,,,
30469,25930,-8,0,,,,,
30501,25962,-8,0,,,,,
30533,25994,-6,0,,,,,
30565,26026,-5,0,,,,,
30597,26058,-4,0,,,,,
30629,26090,-3,0,,,,,
30661,26122,-2,0,,,,,
30693,26154,4,0,,,,,
30725,26186,3,0,,,,,
30757,26218,3,0,,,,,
30789,26250,4,0,,,,,
30821,26282,4,0,,,,,
30853,26314,5,0,,,,,
30885,26346,5,0,,,,,
30917,26378,6,0,,,,,
30949,26410,6,0,,,,,
30981,26442,6,0,,,,,
31013,26474,6,0,,,,,
31045,26506,6,0,,,,,
31077,26538,6,0,,,,,
31109,26570,6,0,,,,,
31141,26602,6,0,,,,,
31173,26634,5,0,,,,,
31205,26666,5,0,,,,,
31237,26698,3,0,,,,,
31269,26730,-4,0,,,,,
31301,26762,-4,0,,,,,
31332,26793,-5,0,,,,,
31364,26825,-5,0,,,,,
31397,26858,-6,0,,,,,
31429,26890,-6,0,,,,,
31460,26921,-6,0,,,,,
31492,26953,-7,0,,,,,
31524,26985,-7,0,,,,,
31557,27018,-7,0,,,,,
31588,27049,-7,0,,,,,
31621,27082,-7,0,,,,,
31653,27114,-7,0,,,,,
31684,27145,-7,0,,,,,
31716,27177,-7,0,,,,,
31749,27210,-6,0,,,,,
31780,27241,-6,0,,,,,
31812,27273,-5,0,,,,,
31844,27305,-4,0,,,,,
31876,27337,-3,0,,,,,
31908,27369,5,0,,,,,
31940,27401,5,0,,,,,
31972,27433,5,0,,,,,
32005,27466,6,0,,,,,
32036,27497,6,0,,,,,
32068,27529,6,0,,,,,
32100,27561,7,0,,,,,
32132,27593,7,0,,,,,
32164,27625,7,0,,,,,
32196,27657,6,0,,,,,
32228,27689,7,0,,,,,
32260,27721,7,0,,,,,
32292,27753,7,0,,,,,
32324,27785,7,0,,,,,
32356,27817,6,0,,,,,
32388,27849,6,0,,,,,
32420,27881,6,0,,,,,
32452,27913,-3,0,,,,,
32484,27945,-4,0,,,,,
32516,27977,-4,0,,,,,
32548,28009,-5,0,,,,,
32580,28041,-5,0,,,,,
32612,28073,-6,0,,,,,
32644,28105,-7,0,,,,,
32676,28137,-7,0,,,,,
32708,28169,-7,0,,,,,
32740,28201,-8,0,,,,,
32772,28233,-8,0,,,,,
32804,28265,-8,0,,,,,
32836,28297,-7,0,,,,,
32868,28329,-7,0,,,,,
32900,28361,-6,0,,,,,
32932,28393,-5,0,,,,,
32964,28425,-5,0,,,,,
32996,28457,-5,0,,,,,
33028,28489,-4,0,,,,,
33060,28521,-3,0,,,,,
33092,28553,-2,0,,,,,
33124,28585,5,0,,,,,
33156,28617,5,0,,,,,
33188,28649,5,0,,,,,
33220,28681,5,0,,,,,
33252,28713,6,0,,,,,
33284,28745,6,0,,,,,
33316,28777,6,0,,,,,
33348,28809,6,0,,,,,
33380,28841,6,0,,,,,
33412,28873,6,0,,,,,
33444,28905,6,0,,,,,
33476,28937,6,0,,,,,
33508,28969,6,0,,,,,
33540,29001,5,0,,,,,
33572,29033,-5,0,,,,,
33604,29065,-4,0,,,,,
33636,29097,-4,0,,,,,
33668,29129,-4,0,,,,,
33700,29161,-5,0,,,,,
33732,29193,-6,0,,,,,
33764,29225,-6,0,,,,,
33796,29257,-7,0,,,,,
33828,29289,-7,0,,,,,
33860,29321,-8,0,,,,,
33892,29353,-8,0,,,,,
33924,29385,-8,0,,,,,
33956,29417,-7,0,,,,,
33988,29449,-6,0,,,,,
34020,29481,-5,0,,,,,
34052,29513,-4,0,,,,,
34084,29545,-3,0,,,,,
34116,29577,6,0,,,,,
34148,29609,5,0,,,,,
34180,29641,5,0,,,,,
34212,29673,5,0,,,,,
34244,29705,5,0,,,,,
34276,29737,6,0,,,,,
34308,29769,6,0,,,,,
34340,29801,6,0,,,,,
34372,29833,6,0,,,,,
34404,29865,6,0,,,,,
34436,29897,6,0,,,,,
34468,29929,6,0,,,,,
34500,29961,5,0,,,,,
34532,29993,6,0,,,,,
34564,30025,5,0,,,,,
34596,30057,4,0,,,,,
34628,30089,-5,0,,,,,
34660,30121,-5,0,,,,,
34692,30153,-5,0,,,,,
34724,30185,-5,0,,,,,
34756,30217,-6,0,,,,,
34788,30249,-7,0,,,,,
34820,30281,-7,0,,,,,
34852,30313,-7,0,,,,,
34884,30345,-7,0,,,,,
34916,30377,-8,0,,,,,
34948,30409,-8,0,,,,,
34980,30441,-8,0,,,,,
35012,30473,-8,0,,,,,
35044,30505,-8,0,,,,,
35076,30537,-8,0,,,,,
35108,30569,-8,0,,,,,
35140,30601,-7,0,,,,,
35172,30633,-6,0,,,,,
35204,30665,-6,0,,,,,
35236,30697,-6,0,,,,,
35268,30729,-6,0,,,,,
35300,30761,-5,0,,,,,
35332,30793,-4,0,,,,,
35364,30825,5,0,,,,,
35396,30857,5,0,,,,,
35428,30889,5,0,,,,,
35460,30921,5,0,,,,,
35492,30953,6,0,,,,,
35524,30985,6,0,,,,,
35556,31017,6,0,,,,,
35588,31049,6,0,,,,,
35620,31081,7,0,,,,,
35652,31113,7,0,,,,,
35684,31145,7,0,,,,,
35716,31177,7,0,,,,,
35748,31209,7,0,,,,,
35780,31241,7,0,,,,,
35812,31273,7,0,,,,,
35844,31305,7,0,,,,,
35876,31337,7,0,,,,,
35908,31369,7,0,,,,,
35940,31401,7,0,,,,,
35972,31433,7,0,,,,,
36004,31465,7,0,,,,,
36036,31497,7,0,,,,,
36068,31529,7,0,,,,,
36100,31561,7,0,,,,,
36132,31593,7,0,,,,,
36164,31625,7,0,,,,,
36196,31657,7,0,,,,,
36228,31689,7,0,,,,,
36260,31721,7,0,,,,,
36292,31753,7,0,,,,,
36324,31785,7,0,,,,,
36356,31817,7,0,,,,,
36388,31849,6,0,,,,,
36420,31881,5,0,,,,,
36452,31913,5,0,,,,,
36484,31945,2,0,,,,,
36516,31977,-2,0,,,,,
36548,32009,-4,0,,,,,
36580,32041,-4,0,,,,,
36612,32073,-5,0,,,,,
36644,32105,-5,0,,,,,
36676,32137,-6,0,,,,,
36708,32169,-7,0,,,,,
36740,32201,-7,0,,,,,
36772,32233,-8,0,,,,,
36804,32265,-8,0,,,,,
36835,32296,-9,0,,,,,
36868,32329,-9,0,,,,,
36900,32361,-9,0,,,,,
36932,32393,-9,0,,,,,
36964,32425,-9,0,,,,,
36996,32457,-9,0,,,,,
37028,32489,-9,0,,,,,
37060,32521,-10,0,,,,,
37092,32553,-10,0,,,,,
37124,32585,-9,0,,,,,
37156,32617,-9,0,,,,,
37188,32649,-8,0,,,,,
37220,32681,-7,0,,,,,
37251,32712,-6,0,,,,,
37284,32745,-5,0,,,,,
37315,9,-4,0,,,,,
37346,40,-3,0,,,,,
37379,73,-2,0,,,,,
37411,105,4,0,,,,,
37443,137,3,0,,,,,
37475,169,3,0,,,,,
37507,201,4,0,,,,,
37539,233,4,0,,,,,
37571,265,5,0,,,,,
37602,296,5,0,,,,,
37635,329,5,0,,,,,
37666,360,6,0,,,,,
37698,392,6,0,,,,,
37730,424,6,0,,,,,
37762,456,6,0,,,,,
37794,488,6,0,,,,,
37826,520,6,0,,,,,
37858,552,6,0,,,,,
37890,584,6,0,,,,,
37923,617,6,0,,,,,
37954,648,6,0,,,,,
37986,680,6,0,,,,,
38018,712,7,0,,,,,
38051,745,7,0,,,,,
38083,777,7,0,,,,,
38114,808,7,0,,,,,
38146,840,7,0,,,,,
38178,872,7,0,,,,,
38210,904,7,0,,,,,
38242,936,6,0,,,,,
38274,968,6,0,,,,,
38306,1000,6,0,,,,,
38338,1032,6,0,,,,,
38370,1064,6,0,,,,,
38402,1096,6,0,,,,,
38434,1128,5,0,,,,,
38466,1160,4,0,,,,,
38498,1192,4,0,,,,,
38530,1224,3,0,,,,,
38562,1256,3,0,,,,,
38594,1288,2,0,,,,,
38626,1320,2,0,,,,,
38658,1352,3,0,,,,,
38690,1384,2,0,,,,,
38722,1416,2,0,,,,,
38754,1448,2,0,,,,,
38786,1480,2,0,,,,,
38818,1512,2,0,,,,,
38850,1544,2,0,,,,,
38882,1576,2,0,,,,,
38914,1608,2,0,,,,,
38946,1640,2,0,,,,,
38978,1672,1,0,,,,,
39010,1704,-3,0,,,,,
39042,1736,-3,0,,,,,
39074,1768,-4,0,,,,,
39106,1800,-4,0,,,,,
39138,1832,-4,0,,,,,
39170,1864,-4,0,,,,,
39202,1896,-3,0,,,,,
39234,1928,-3,0,,,,,
39266,1960,-3,0,,,,,
39298,1992,-1,0,,,,,
39330,2024,-2,0,,,,,
39362,2056,-2,0,,,,,
39394,2088,-3,0,,,,,
39426,2120,0,0,,,,,
39458,2152,4,0,,,,,
39490,2184,3,0,,,,,
39522,2216,3,0,,,,,
39554,2248,2,0,,,,,
39586,2280,3,0,,,,,
39618,2312,3,0,,,,,
39650,2344,3,0,,,,,
39682,2376,3,0,,,,,
39714,2408,4,0,,,,,
39746,2440,4,0,,,,,
39778,2472,5,0,,,,,
39810,2504,6,0,,,,,
39842,2536,6,0,,,,,
39874,2568,6,0,,,,,
39906,2600,6,0,,,,,
39938,2632,6,0,,,,,
39970,2664,6,0,,,,,
40002,2696,6,0,,,,,
40034,2728,6,0,,,,,
40066,2760,6,0,,,,,
40098,2792,6,0,,,,,
40130,2824,6,0,,,,,
40162,2856,6,0,,,,,
40194,2888,5,0,,,,,
40226,2920,4,0,,,,,
40258,2952,3,0,,,,,
40290,2984,3,0,,,,,
40322,3016,3,0,,,,,
40354,3048,-3,0,,,,,
40386,3080,-3,0,,,,,
40418,3112,-4,0,,,,,
40450,3144,-4,0,,,,,
40482,3176,-4,0,,,,,
40514,3208,-4,0,,,,,
40546,3240,-5,0,,,,,
40578,3272,-6,0,,,,,
40610,3304,-6,0,,,,,
40642,3336,-7,0,,,,,
40674,3368,-8,0,,,,,
40706,3400,-8,0,,,,,
40739,3433,-8,0,,,,,
40770,3464,-9,0,,,,,
40802,3496,-8,0,,,,,
40834,3528,-9,0,,,,,
40866,3560,-9,0,,,,,
40898,3592,-9,0,,,,,
40930,3624,-10,0,,,,,
40962,3656,-9,0,,,,,
40994,3688,-9,0,,,,,
41026,3720,-10,0,,,,,
41058,3752,-10,0,,,,,
41090,3784,-10,0,,,,,
41122,3816,-10,0,,,,,
41154,3848,-10,0,,,,,
41186,3880,-9,0,,,,,
41218,3912,-8,0,,,,,
41250,3944,-6,0,,,,,
41282,3976,-5,0,,,,,
41314,4008,-3,0,,,,,
41346,4040,3,0,,,,,
41378,4072,2,0,,,,,
41410,4104,2,0,,,,,
41442,4136,3,0,,,,,
41474,4168,3,0,,,,,
41506,4200,3,0,,,,,
41538,4232,4,0,,,,,
41570,4264,4,0,,,,,
41602,4296,5,0,,,,,
41634,4328,6,0,,,,,
41666,4360,6,0,,,,,
41698,4392,8,0,,,,,
41730,4424,8,0,,,,,
41762,4456,8,0,,,,,
41794,4488,8,0,,,,,
41826,4520,7,0,,,,,
41858,4552,7,0,,,,,
41890,4584,6,0,,,,,
41922,4616,5,0,,,,,
41954,4648,4,0,,,,,
41986,4680,3,0,,,,,
42018,4712,2,0,,,,,
42050,4744,-3,0,,,,,
42082,4776,-4,0,,,,,
42114,4808,-4,0,,,,,
42146,4840,-5,0,,,,,
42178,4872,-6,0,,,,,
42210,4904,-6,0,,,,,
42242,4936,-8,0,,,,,
42274,4968,-8,0,,,,,
42306,5000,-9,0,,,,,
42338,5032,-9,0,,,,,
42370,5064,-9,0,,,,,
42402,5096,-9,0,,,,,
42434,5128,-9,0,,,,,
42466,5160,-8,0,,,,,
42498,5192,-7,0,,,,,
42530,5224,-5,0,,,,,
42562,5256,-4,0,,,,,
42594,5288,-2,0,,,,,
42626,5320,-2,0,,,,,
42658,5352,-1,0,,,,,
42690,5384,4,0,,,,,
42722,5416,3,0,,,,,
42754,5448,3,0,,,,,
42786,5480,3,0,,,,,
42818,5512,2,0,,,,,
42850,5544,2,0,,,,,
42882,5576,2,0,,,,,
42913,5607,2,0,,,,,
42946,5640,2,0,,,,,
42978,5672,2,0,,,,,
43010,5704,2,0,,,,,
43042,5736,2,0,,,,,
43074,5768,2,0,,,,,
43106,5800,2,0,,,,,
43138,5832,2,0,,,,,
43170,5864,2,0,,,,,
43202,5896,2,0,,,,,
43234,5928,2,0,,,,,
43265,5959,2,0,,,,,
43298,5992,2,0,,,,,
43330,6024,2,0,,,,,
43361,6055,2,0,,,,,
43393,6087,2,0,,,,,
43426,6120,2,0,,,,,
43457,6151,2,0,,,,,
43489,6183,2,0,,,,,
43522,6216,2,0,,,,,
43554,6248,2,0,,,,,
43586,6280,2,0,,,,,
43617,6311,2,0,,,,,
43649,6343,2,0,,,,,
43681,6375,2,0,,,,,
43713,6407,2,0,,,,,
43745,6439,2,0,,,,,
43777,6471,2,0,,,,,
43809,6503,2,0,,,,,
43841,6535,2,0,,,,,
43873,6567,2,0,,,,,
43905,6599,2,0,,,,,
43937,6631,2,0,,,,,
43969,6663,2,0,,,,,
44001,6695,2,0,,,,,
44033,6727,2,0,,,,,
44065,6759,2,0,,,,,
44097,6791,2,0,,,,,
44129,6823,2,0,,,,,
44161,6855,2,0,,,,,
44193,6887,2,0,,,,,
44225,6919,2,0,,,,,
44257,6951,2,0,,,,,
44289,6983,2,0,,,,,
44321,7015,2,0,,,,,
44353,7047,2,0,,,,,
44385,7079,2,0,,,,,
44417,7111,2,0,,,,,
44449,7143,2,0,,,,,
44481,7175,2,0,,,,,
44513,7207,2,0,,,,,
44545,7239,2,0,,,,,
44577,7271,2,0,,,,,
44609,7303,2,0,,,,,
44641,7335,2,0,,,,,
44673,7367,-2,0,,,,,
44706,7400,-3,0,,,,,
44737,7431,-2,0,,,,,
44769,7463,-2,0,,,,,
44801,7495,-2,0,,,,,
44833,7527,-2,0,,,,,
44865,7559,-2,0,,,,,
44897,7591,-2,0,,,,,
44929,7623,-2,0,,,,,
44961,7655,-2,0,,,,,
44993,7687,-2,0,,,,,
45025,7719,-2,0,,,,,
45057,7751,-2,0,,,,,
45089,7783,-2,0,,,,,
45121,7815,-2,0,,,,,
45153,7847,-2,0,,,,,
45185,7879,-2,0,,,,,
45217,7911,-2,0,,,,,
45249,7943,-2,0,,,,,
45281,7975,2,0,,,,,
45313,8007,3,0,,,,,
45345,8039,3,0,,,,,
45377,8071,3,0,,,,,
45409,8103,2,0,,,,,
45441,8135,2,0,,,,,
45473,8167,2,0,,,,,
45505,8199,2,0,,,,,
45537,8231,2,0,,,,,
45569,8263,2,0,,,,,
45601,8295,2,0,,,,,
45633,8327,2,0,,,,,
45665,8359,3,0,,,,,
45697,8391,2,0,,,,,
45729,8423,2,0,,,,,
45761,8455,2,0,,,,,
45793,8487,2,0,,,,,
45825,8519,2,0,,,,,
45857,8551,2,0,,,,,
45889,8583,-3,0,,,,,
45921,8615,-2,0,,,,,
45953,8647,-2,0,,,,,
45985,8679,-2,0,,,,,
46017,8711,-2,0,,,,,
46049,8743,-2,0,,,,,
46081,8775,-2,0,,,,,
46113,8807,-2,0,,,,,
46145,8839,-2,0,,,,,
46177,8871,-2,0,,,,,
46209,8903,-2,0,,,,,
46241,8935,-2,0,,,,,
46273,8967,-2,0,,,,,
46305,8999,-2,0,,,,,
46337,9031,-2,0,,,,,
46369,9063,-2,0,,,,,
46401,9095,-2,0,,,,,
46433,9127,-2,0,,,,,
46465,9159,-2,0,,,,,
46497,9191,-2,0,,,,,
46529,9223,-2,0,,,,,
46561,9255,-2,0,,,,,
46593,9287,-2,0,,,,,
46625,9319,-2,0,,,,,
46657,9351,-2,0,,,,,
46689,9383,-2,0,,,,,
46721,9415,-2,0,,,,,
46753,9447,-2,0,,,,,
46785,9479,-2,0,,,,,
46817,9511,-2,0,,,,,
46849,9543,-2,0,,,,,
46881,9575,-2,0,,,,,
46913,9607,-2,0,,,,,
46945,9639,-2,0,,,,,
46977,9671,-2,0,,,,,
47009,9703,-2,0,,,,,
47041,9735,-2,0,,,,,
47073,9767,-2,0,,,,,
47105,9799,-2,0,,,,,
47137,9831,-2,0,,,,,
47169,9863,-2,0,,,,,
47201,9895,-2,0,,,,,
47233,9927,-2,0,,,,,
47265,9959,-2,0,,,,,
47297,9991,-3,0,,,,,
47329,10023,-2,0,,,,,
47361,10055,-2,0,,,,,
47393,10087,-3,0,,,,,
47425,10119,-2,0,,,,,
47457,10151,-2,0,,,,,
47489,10183,-2,0,,,,,
47521,10215,-2,0,,,,,
47553,10247,-2,0,,,,,
47585,10279,-2,0,,,,,
47617,10311,-2,0,,,,,
47649,10343,-2,0,,,,,
47681,10375,-2,0,,,,,
47713,10407,-2,0,,,,,
47745,10439,-2,0,,,,,
47777,10471,-2,0,,,,,
47809,10503,-2,0,,,,,
47841,10535,-2,0,,,,,
47873,10567,-2,0,,,,,
47905,10599,-2,0,,,,,
47937,10631,-2,0,,,,,
47969,10663,-2,0,,,,,
48001,10695,-2,0,,,,,
48033,10727,-2,0,,,,,
48065,10759,-2,0,,,,,
48097,10791,-2,0,,,,,
48129,10823,-2,0,,,,,
48161,10855,-2,0,,,,,
48193,10887,-2,0,,,,,
48225,10919,-2,0,,,,,
48257,10951,-2,0,,,,,
48289,10983,-2,0,,,,,
48321,11015,-2,0,,,,,
48352,11046,-2,0,,,,,
48384,11078,-2,0,,,,,
48416,11110,-2,0,,,,,
48448,11142,-2,0,,,,,
48480,11174,-2,0,,,,,
48513,11207,-2,0,,,,,
48545,11239,-2,0,,,,,
48577,11271,-2,0,,,,,
48609,11303,-2,0,,,,,
48641,11335,-2,0,,,,,
48672,11366,-2,0,,,,,
48705,11399,3,0,,,,,
48737,11431,3,0,,,,,
48769,11463,2,0,,,,,
48801,11495,2,0,,,,,
48833,11527,2,0,,,,,
48865,11559,2,0,,,,,
48897,11591,2,0,,,,,
48929,11623,2,0,,,,,
48961,11655,2,0,,,,,
48992,11686,2,0,,,,,
49025,11719,2,0,,,,,
49056,11750,2,0,,,,,
49088,11782,2,0,,,,,
49120,11814,2,0,,,,,
49153,11847,2,0,,,,,
49184,11878,2,0,,,,,
49216,11910,2,0,,,,,
49249,11943,2,0,,,,,
49281,11975,2,0,,,,,
49312,12006,2,0,,,,,
49344,12038,2,0,,,,,
49376,12070,2,0,,,,,
49408,12102,2,0,,,,,
49440,12134,2,0,,,,,
49473,12167,2,0,,,,,
49504,12198,2,0,,,,,
49536,12230,2,0,,,,,
49569,12263,2,0,,,,,
49601,12295,2,0,,,,,
49633,12327,2,0,,,,,
49665,12359,2,0,,,,,
49696,12390,2,0,,,,,
49728,12422,2,0,,,,,
49760,12454,2,0,,,,,
49792,12486,2,0,,,,,
49824,12518,2,0,,,,,
49856,12550,2,0,,,,,
49888,12582,2,0,,,,,
49920,12614,2,0,,,,,
49952,12646,2,0,,,,,
49984,12678,2,0,,,,,
50017,12711,2,0,,,,,
50049,12743,2,0,,,,,
50080,12774,2,0,,,,,
50112,12806,2,0,,,,,
50144,12838,2,0,,,,,
50176,12870,2,0,,,,,
50208,12902,2,0,,,,,
50240,12934,2,0,,,,,
50272,12966,2,0,,,,,
50304,12998,2,0,,,,,
50336,13030,2,0,,,,,
50368,13062,2,0,,,,,
50400,13094,2,0,,,,,
50432,13126,2,0,,,,,
50464,13158,2,0,,,,,
50496,13190,2,0,,,,,
50528,13222,2,0,,,,,
50560,13254,2,0,,,,,
50592,13286,2,0,,,,,
50624,13318,2,0,,,,,
